interquartile_mean,ci_lower,ci_upper
-10.510126269130081,-12.36742029141225,-8.25655862785059
-11.951623978951622,-13.822756427433708,-9.813374550359743
-9.560670477449547,-11.797967818704015,-7.63974654893761
-6.705994328802482,-8.582239930263675,-4.976678321693035
-6.145219801740434,-7.317287232954367,-4.89103744780242
