{
 "N": 1860,
 "arms": [
  "wb0"
 ],
 "rows": {
  "s0_wb0": {
   "N": 1860,
   "arrival": 7.419354838709677,
   "se": 0.607696451553125,
   "reached": 138,
   "nfail": 1722,
   "timeout": 111,
   "stopped": 1607,
   "coll": 0.21505376344086022,
   "viol": 1.9236559139784946,
   "ec_med": 79.03047774059314,
   "near": 869,
   "far": 853
  }
 },
 "heldout_requested": 1860,
 "heldout_downloaded": 1860
}