{
 "N": 1860,
 "arms": [
  "wx200"
 ],
 "rows": {
  "s1_wx200": {
   "N": 1860,
   "arrival": 76.39784946236558,
   "se": 0.9846001163515614,
   "reached": 1421,
   "nfail": 439,
   "timeout": 33,
   "stopped": 404,
   "coll": 0.10752688172043011,
   "viol": 1.2731182795698925,
   "ec_med": 45.81527400920737,
   "near": 320,
   "far": 119
  }
 },
 "heldout_requested": 1860,
 "heldout_downloaded": 1860
}