{
 "N": 1860,
 "arms": [
  "wx0"
 ],
 "rows": {
  "s0_wx0": {
   "N": 1860,
   "arrival": 90.43010752688173,
   "se": 0.6821086870498037,
   "reached": 1682,
   "nfail": 178,
   "timeout": 33,
   "stopped": 144,
   "coll": 0.053763440860215055,
   "viol": 1.2032258064516128,
   "ec_med": 63.60430316105084,
   "near": 110,
   "far": 68
  }
 },
 "heldout_requested": 1860,
 "heldout_downloaded": 1860
}