{
 "N": 1860,
 "arms": [
  "wx200"
 ],
 "rows": {
  "s3_wx200": {
   "N": 1860,
   "arrival": 1.4516129032258065,
   "se": 0.27732798630898825,
   "reached": 27,
   "nfail": 1833,
   "timeout": 1824,
   "stopped": 8,
   "coll": 0.053763440860215055,
   "viol": 1.0801075268817204,
   "ec_med": 301.4548872085546,
   "near": 197,
   "far": 1636
  }
 },
 "heldout_requested": 1860,
 "heldout_downloaded": 1860
}