{
 "N": 1860,
 "arms": [
  "wx0"
 ],
 "rows": {
  "s3_wx0": {
   "N": 1860,
   "arrival": 72.09677419354838,
   "se": 1.0399887742982175,
   "reached": 1341,
   "nfail": 519,
   "timeout": 45,
   "stopped": 471,
   "coll": 0.16129032258064516,
   "viol": 1.2306451612903226,
   "ec_med": 42.61534806730333,
   "near": 414,
   "far": 105
  }
 },
 "heldout_requested": 1860,
 "heldout_downloaded": 1860
}