{
 "N": 1860,
 "arms": [
  "wb0"
 ],
 "rows": {
  "s4_wb0": {
   "N": 1860,
   "arrival": 69.83870967741936,
   "se": 1.0641836687458162,
   "reached": 1299,
   "nfail": 561,
   "timeout": 33,
   "stopped": 525,
   "coll": 0.16129032258064516,
   "viol": 1.0978494623655914,
   "ec_med": 45.49273992546068,
   "near": 452,
   "far": 109
  }
 },
 "heldout_requested": 1860,
 "heldout_downloaded": 1860
}