{
 "N": 1860,
 "arms": [
  "wb200"
 ],
 "rows": {
  "s2_wb200": {
   "N": 1860,
   "arrival": 73.81720430107526,
   "se": 1.0193664433607352,
   "reached": 1373,
   "nfail": 487,
   "timeout": 31,
   "stopped": 455,
   "coll": 0.053763440860215055,
   "viol": 1.3483870967741935,
   "ec_med": 42.01642013034825,
   "near": 401,
   "far": 86
  }
 },
 "heldout_requested": 1860,
 "heldout_downloaded": 1860
}