{
 "N": 1860,
 "arms": [
  "wx0"
 ],
 "rows": {
  "s4_wx0": {
   "N": 1860,
   "arrival": 81.23655913978494,
   "se": 0.9052645823381524,
   "reached": 1511,
   "nfail": 349,
   "timeout": 40,
   "stopped": 308,
   "coll": 0.053763440860215055,
   "viol": 1.1,
   "ec_med": 42.250694578086154,
   "near": 280,
   "far": 69
  }
 },
 "heldout_requested": 1860,
 "heldout_downloaded": 1860
}