{
 "N": 1860,
 "arms": [
  "wx0"
 ],
 "rows": {
  "s1_wx0": {
   "N": 1860,
   "arrival": 61.344086021505376,
   "se": 1.1291141528089566,
   "reached": 1141,
   "nfail": 719,
   "timeout": 41,
   "stopped": 676,
   "coll": 0.10752688172043011,
   "viol": 1.2510752688172042,
   "ec_med": 44.30286420743164,
   "near": 607,
   "far": 112
  }
 },
 "heldout_requested": 1860,
 "heldout_downloaded": 1860
}