{
 "N": 1860,
 "arms": [
  "wx200"
 ],
 "rows": {
  "s4_wx200": {
   "N": 1860,
   "arrival": 36.02150537634409,
   "se": 1.1131186664600197,
   "reached": 670,
   "nfail": 1190,
   "timeout": 79,
   "stopped": 1109,
   "coll": 0.10752688172043011,
   "viol": 1.4333333333333333,
   "ec_med": 84.59818872544963,
   "near": 547,
   "far": 643
  }
 },
 "heldout_requested": 1860,
 "heldout_downloaded": 1860
}