{
 "N": 1860,
 "arms": [
  "wb0"
 ],
 "rows": {
  "s2_wb0": {
   "N": 1860,
   "arrival": 72.36559139784946,
   "se": 1.0368947441487242,
   "reached": 1346,
   "nfail": 514,
   "timeout": 46,
   "stopped": 465,
   "coll": 0.16129032258064516,
   "viol": 1.5026881720430108,
   "ec_med": 42.051555700357994,
   "near": 403,
   "far": 111
  }
 },
 "heldout_requested": 1860,
 "heldout_downloaded": 1860
}