{
 "N": 1860,
 "arms": [
  "wb0"
 ],
 "rows": {
  "s3_wb0": {
   "N": 1860,
   "arrival": 47.41935483870968,
   "se": 1.1578020218508374,
   "reached": 882,
   "nfail": 978,
   "timeout": 44,
   "stopped": 931,
   "coll": 0.16129032258064516,
   "viol": 1.0655913978494624,
   "ec_med": 44.005199263508985,
   "near": 792,
   "far": 186
  }
 },
 "heldout_requested": 1860,
 "heldout_downloaded": 1860
}