{
 "N": 1860,
 "arms": [
  "wb0"
 ],
 "rows": {
  "s1_wb0": {
   "N": 1860,
   "arrival": 62.1505376344086,
   "se": 1.1245941765511234,
   "reached": 1156,
   "nfail": 704,
   "timeout": 44,
   "stopped": 657,
   "coll": 0.16129032258064516,
   "viol": 1.310752688172043,
   "ec_med": 45.59500112752696,
   "near": 564,
   "far": 140
  }
 },
 "heldout_requested": 1860,
 "heldout_downloaded": 1860
}