{
 "N": 1860,
 "arms": [
  "wx200"
 ],
 "rows": {
  "s2_wx200": {
   "N": 1860,
   "arrival": 90.59139784946237,
   "se": 0.6769390391331457,
   "reached": 1685,
   "nfail": 175,
   "timeout": 41,
   "stopped": 132,
   "coll": 0.10752688172043011,
   "viol": 1.0919354838709678,
   "ec_med": 39.14464732958538,
   "near": 118,
   "far": 57
  }
 },
 "heldout_requested": 1860,
 "heldout_downloaded": 1860
}