interquartile_mean,ci_lower,ci_upper
-34.294511746557845,-40.30421714407452,-29.214435012016864
-32.96367344665989,-38.36486998699535,-27.65455746358659
-51.63735031707744,-58.211112082904066,-45.75807402472633
-23.72210347561234,-29.004350882361205,-18.781696091930545
-30.984070772632307,-35.8232216644964,-26.634974749961646
