{
  "schema_version": 1,
  "ship_dynamics": {
    "model": "vessel_dynamics_yp (Krasowski & Althoff 2024 eq.(1); yaw-constrained point mass Ω_yc)",
    "rhs": "f = [cos(theta)*v, sin(theta)*v, omega, a]  (state x=[px,py,theta,v], input u=[a,omega])",
    "integrator": "scipy.integrate.odeint over [0,dt] (constant-u; ego trajectory convention, her exact integrator unpublished)",
    "vessel_class": "parameters_vessel_1 (SR108 container ship)",
    "length_m": 175.0,
    "width_m": 25.4,
    "a_max_m_s2": 0.24,
    "omega_max_rad_s": 0.03,
    "v_max_m_s": 9.5,
    "v_max_note": "paper §VII reduced default 16.8 -> 9.5 m/s; RHS does not clip v (env layer manages via safe_speed)",
    "decision_dt_s": 10.0,
    "vessel_params_full": {
      "I_z": 54996070984.6669,
      "N_r": -1113465.737545,
      "N_rdot": -44854701237.0896,
      "N_v": -14228.3163250072,
      "N_vdot": -175519156.763611,
      "X_u": -150639.788002265,
      "X_udot": -1799893.02539637,
      "Y_r": 9276.58982069771,
      "Y_rdot": -283417813.92759,
      "Y_v": -218.602814490728,
      "Y_vdot": -26543765.9872343,
      "a_max": 0.24,
      "d": 9.0,
      "l": 175.0,
      "m": 24562069.875,
      "surge_force_max": 5894896.77,
      "sway_force_max": 5894896.77,
      "v_max": 9.5,
      "w": 25.4,
      "w_dot_max": 2.455465405069919e-05,
      "w_max": 0.03,
      "x_g": -2.55,
      "yaw_moment_max": 1350409.4971761913
    }
  },
  "colregs_params": {
    "sector_angles": {
      "delta_head_on": {
        "rad": 0.08726646259971647,
        "deg": 5.0
      },
      "delta_overtake": {
        "rad": 1.1780972450961724,
        "deg": 67.5
      },
      "delta_no_turn": {
        "rad": 0.17453292519943295,
        "deg": 10.0
      },
      "delta_large_turn": {
        "rad": 0.3490658503988659,
        "deg": 20.0
      },
      "sector_side": {
        "rad": 1.9634954084936207,
        "deg": 112.5
      },
      "sector_behind_lo": {
        "rad": 1.9634954084936207,
        "deg": 112.5
      },
      "sector_behind_hi": {
        "rad": 4.319689898685966,
        "deg": 247.5
      }
    },
    "time_horizons_s": {
      "t_horizon_collision_possible": 420.0,
      "t_pred_emergency": 180.0,
      "t_react": 60.0,
      "t_maneuver": 70.0,
      "dt_decision": 10.0
    },
    "collision_possible": {
      "r_m_factor": 3.0,
      "v_eps_m_s": 1.0
    },
    "emergency_reachset": {
      "v_pm_max_m_s": 10.0,
      "a_pm_max_m_s2": 0.045,
      "dt_reach_s": 1.0,
      "d_resolved_factor": 2.0,
      "reach_radius_pm": "min(0.5*a_pm_max*t*(t+dt_reach), v_pm_max*(t+dt_reach))  (strict over-approx of continuous Ω_pm)"
    },
    "emergency_controller": {
      "delta_ahead": {
        "rad": 0.7853981633974483,
        "deg": 45.0
      },
      "delta_stern": {
        "rad": 0.3490658503988659,
        "deg": 20.0
      },
      "a_stern_factor": 0.2,
      "dobs_safety_factor": 2.0,
      "dmin_ahead_factor": 3.0,
      "t_m_s": 40.0,
      "t_max_m_s": 200.0,
      "v_desired_m_s": 6.0,
      "delta_v_omega": 0.3
    },
    "rho_states": {
      "NO_CONFLICT": 0,
      "STAND_ON": 1,
      "HEAD_ON": 2,
      "CROSSING": 3,
      "OVERTAKE": 4,
      "EMERGENCY": 5
    },
    "ego_width_m": 25.4
  },
  "projection_params": {
    "tier": "A (empirical, one-step lookahead + large d_safe margin; NOT provable — provable = tier B = Phase 4 invariant set)",
    "omega_turn_rad_s": 0.008726646259971648,
    "omega_turn_note": "give-way turn rate = DELTA_LARGE_TURN(20deg)/T_M(40s) ~= 0.008727 rad/s (exact infimum)",
    "eps_omega_rad_s": 0.004363323129985824,
    "eps_a_m_s2": 0.016,
    "nj_degen_tol": 0.0001,
    "d_safe": "R_ego + R_obs (R_obs includes dobs_safety = 2*l_obs); separating-hyperplane + scalar first-order linearization",
    "fallback_chain": [
      "projection",
      "emergency",
      "relaxed",
      "collision_min",
      "degenerate"
    ],
    "fallback_note": "P=empty detected by QP -> falls to emergency/collision_min/relaxed; never silently passes unsafe action"
  },
  "reward_coefficients": {
    "source": "Krasowski 2024 Table II (PDF p11) + Meyer 2020 Table 4 (r_colregs)",
    "c_time": -25.0,
    "c_area": -5.0,
    "c_goal": 50.0,
    "c_stopped": -40.0,
    "c_collision": -50.0,
    "c_emergency": -0.5,
    "c_reach": 1.5,
    "c_v": -2.0,
    "c_deviate": -0.001,
    "v_low_m_s": 2.5,
    "v_high_m_s": 8.0,
    "d_hull_m": 2000.0,
    "r_colregs_meyer": {
      "alpha_x": 75.0,
      "gamma_theta_dyn": 1.0,
      "zeta_x": {
        "starboard": 0.007,
        "port": 0.009,
        "stern": 0.01
      },
      "zeta_v": {
        "starboard": [
          0.004,
          0.05
        ],
        "port": [
          0.007,
          0.005
        ],
        "stern": [
          0.007,
          0.005
        ]
      },
      "default_d_sense_m": 8000.0,
      "deviation_note": "v_y normalized by v_pm_max + exp clamp (BLOCKER fix) — MUST declare this deviation from Meyer literal in paper"
    }
  },
  "training_config": {
    "policy_net_arch": [
      64,
      64
    ],
    "total_timesteps_per_seed": 3000000,
    "n_seeds_paper": 10,
    "ent_coef_discrete_traindefault": 0.01,
    "ent_coef_discrete_actual_in": "run_config.ent_start/ent_end/ent_frac (本 run 真实配方)",
    "ent_coef_continuous": "auto (SAC max-entropy)",
    "vecnorm_kwargs": {
      "norm_obs": true,
      "norm_reward": true,
      "clip_obs": 10.0
    },
    "gamma": 0.99,
    "algorithms": {
      "Base": "MaskablePPO (unshielded, colregs_weight=0)",
      "Rule-reward": "MaskablePPO (unshielded, colregs_weight=1)",
      "Discrete-safe": "MaskablePPO + As(rho) action mask (shielded)",
      "Continuous-safe": "SAC + continuous projection shield (this work)"
    }
  },
  "action_space": {
    "continuous": {
      "a_range": [
        -0.048,
        0.048
      ],
      "omega_range": [
        -0.018,
        0.018
      ],
      "physical_emergency_range": {
        "a": [
          -0.24,
          0.24
        ],
        "omega": [
          -0.03,
          0.03
        ]
      },
      "physical_range_note": "physical ±a_max/±w_max used ONLY by shield/emergency-controller/_map_action box-clip, NOT RL normal-operation authority (Fix② 03 L63)"
    },
    "discrete_grid": {
      "a_values": [
        -0.048,
        -0.032,
        -0.016,
        0.0,
        0.016,
        0.032,
        0.048
      ],
      "omega_values": [
        -0.018,
        -0.012,
        -0.006,
        0.0,
        0.006,
        0.012,
        0.018
      ],
      "n_regular": 49,
      "idx_emergency": 49
    }
  },
  "paper_narrative": {
    "contribution": "continuous action ∩ provably(tier-B/Phase4) COLREGs-compliant ∩ maritime collision avoidance via projection shield",
    "omega_turn_continuous_rad_s": 0.008726646259971648,
    "omega_turn_discrete_grid_rad_s": 0.012,
    "omega_turn_note": "continuous exact infimum (omega_turn_continuous_rad_s) vs discrete grid min-compliant rate (omega_turn_discrete_grid_rad_s) = continuous fine-control advantage; anchor to these fields, declare in writing",
    "action_range_caveat": "RL action box (continuous arm) = Krasowski normal-operation range ±0.048/±0.018, EQUAL to the discrete grid's span (Fix② 03 L63). The earlier RANGE-difference confound (review L1a-4) is now ELIMINATED: continuous and discrete arms have MATCHED action authority; the only remaining action-space difference is RESOLUTION (continuous interval vs 7-point grid). Physical ±a_max/±w_max is reserved for the shield/emergency-controller (NOT RL authority).",
    "action_aliasing_metric_caveat": "||u_applied - u_desired|| uses u_applied = env action AFTER box clip, so it = projection correction + box clipping (NOT pure projection). Anchor the zero-correction-fraction selling point to keep / trained-SAC policy (~0.96 on T-0 keep, NOT the 0.48 test stub); disclose box-clip inclusion (review L1b-3/L1b-1)",