interquartile_mean,ci_lower,ci_upper
-48.96024258484364,-50.5647323242564,-47.04535580845178
-42.54395380535038,-46.29828843905177,-39.52017705778945
-61.346757844610984,-66.51000385585131,-58.64528255403321
-48.63386393332658,-50.62812551742372,-47.381443919779116
-44.19563074634263,-46.908684996351646,-42.57091139573307
